accountId,type,name,address,email,phone,website,lat,lng
"8eebe99c-3088-e011-87e1-005056b30007","findacpa","Margetson & Associates Pty Ltd","PO Box 4146, OATLEY NSW 2223, AUS",,"+61295961755",,"-33.98387","151.07346"
"0bc69088-1488-e011-87e1-005056b30007","findacpa","David Kutcher & Co","33a Penshurst St, PENSHURST NSW 2222, AUS","david@kutcher.com.au","+61295704400","http://","-33.96483","151.08768"
"657138ee-1d88-e011-87e1-005056b30007","findacpa","T C Siow","127 Broadarrow Rd, RIVERWOOD NSW 2210, AUS","bensiow@outlook.com.au","+61295964788",,"-33.94951","151.0619"
"482cee0c-1988-e011-87e1-005056b30007","findacpa","Tam & Partners","90 Hurstville Rd, HURSTVILLE GROVE NSW 2220, AUS","bentam828@gmail.com","+61289605330",,"-33.97619","151.0924"
"30ad2e65-0ee0-e511-92c2-0050569a2c80","findacpa","SWM Partners Pty Ltd","U 2  12-14 Homedale Cres, CONNELLS POINT NSW 2221, AUS","wangyucong99@gmail.com","+61431587549",,"-33.98085","151.09922"
"85484613-1988-e011-87e1-005056b30007","findacpa","N Kalaitzis & Co Pty Ltd","Suite 4E, L 4  34 MacMahon St, HURSTVILLE NSW 2220, AUS","nkalaitzis@bigpond.com","+61295704600",,"-33.96549","151.10133"
"37c44d3f-ea8c-e911-80e7-0003ff6ff51e","findacpa","Applied Accounting and Taxation","Suite 103, 32 Ormonde Pde, HURSTVILLE NSW 2220, AUS","pdhakal920@gmail.com","+61401031136","http://www.appliedaccounting.com.au","-33.96789","151.10219"
"0a4560a3-3188-e011-87e1-005056b30007","findacpa","Omnilink Tax and Business Advisors Pty Ltd","Se 26  33 MacMahon St, HURSTVILLE NSW 2220, AUS","omnilink@optusnet.com.au","+61280847663",,"-33.96547","151.10209"
"ee393b79-2b88-e011-87e1-005056b30007","findacpa","ATB Accounting","Se 7  10-12 Woodville St, HURSTVILLE NSW 2220, AUS","admin@atbs.net.au","+61295851042","http://www.atbs.net.au","-33.96513","151.10301"
"ab9e199e-1a88-e011-82c3-005056b3003f","findacpa","MBA Accountants & Business Advisors","Se 4  10-12 Woodville St, HURSTVILLE NSW 2220, AUS","info@mbaaccountants.com.au","+61295802622","http://www.mbaaccountants.com.au","-33.96513","151.10301"
"0097086a-22cb-e111-83ea-005056b3003f","findacpa","St George Taxcare Pty Ltd","Unit 9B, Se 9  10-12 Woodville St, HURSTVILLE NSW 2220, AUS","info@sgtax.com.au","+61289570671","http://www.sgtax.com.au","-33.96514","151.10301"
"dd345556-3680-e411-91d3-0050569a6ed2","findacpa","Frank Tax Consulting","Frank Tax Consulting, 67-69 Kimberley Rd, HURSTVILLE NSW 2220, AUS","frank@franktaxconsulting.com.au","+61295858759","http://www.franktaxconsulting.com.au","-33.9586","151.10298"
"c5b77d2e-0080-ed11-a81c-002248990531","findacpa","AAL Consulting Pty Ltd","SUITE 22, L 3  2 Cross St, HURSTVILLE NSW 2220, AUS","admin@aal-consulting.com","+61295861822","https://aalconsultants.com/","-33.9656","151.10416"
"1819e04f-1591-e711-80f1-0050569a458f","findacpa","K & K Accounting & Business Services","Se 152  10 Park Rd, HURSTVILLE NSW 2220, AUS","keshab@knkaccounting.com.au","0423322983","https://www.knkaccounting.com.au","-33.96659","151.10627"
"84363827-1f84-ea11-8112-0050569a1c9a","findacpa","SP Financial & Accountants","945b-947 Canterbury Rd, LAKEMBA NSW 2195, AUS","ksalehin@spfinancialtax.com.au","+61404131917","http://www.spfinancialtax.com.au","-33.92646","151.08229"
"e08d7f14-3b88-e011-972f-005056b3003f","findacpa","Express Tax Solutions","PO Box 64, LAKEMBA NSW 2195, AUS","lincoln@etstax.com.au","+61297591711","http://www.etstax.com.au","-33.91899","151.07639"
"1a693ab2-1288-e011-87e1-005056b30007","findacpa","Gokani & Associates Services","96 Cahors Rd, PADSTOW NSW 2211, AUS","admin@gokani.com.au","+61297921422",,"-33.94994","151.03008"